{
  "bellcore": {
    "nome": "Bellcore",
    "tarefas": {
      "a_original": {
        "n": 1000000,
        "media": 638.289839,
        "variancia": 269548.7844451386,
        "desvio_padrao": 519.1808783508293,
        "min": 64.0,
        "max": 1518.0,
        "mediana": 1082.0,
        "skewness": 0.06706748541553281,
        "kurtosis": 1.2629741743436103
      },
      "b_agregacao": {
        "100ms": {
          "n_intervalos": 17593,
          "mean_size_stats": {
            "n": 17593,
            "media": 618.9595031868486,
            "variancia": 39245.392726150545,
            "desvio_padrao": 198.1044995101084,
            "min": 64.0,
            "max": 1300.0,
            "mediana": 646.0243902439024,
            "skewness": -0.6437998446138977,
            "kurtosis": 3.271016608463468
          },
          "count_stats": {
            "n": 17593,
            "media": 56.840788950150625,
            "variancia": 614.6035157940753,
            "desvio_padrao": 24.79119835332845,
            "min": 1.0,
            "max": 211.0,
            "mediana": 56.0,
            "skewness": 0.20188025585741132,
            "kurtosis": 2.6903686350101594
          }
        },
        "1s": {
          "n_intervalos": 1760,
          "mean_size_stats": {
            "n": 1760,
            "media": 624.9003521698087,
            "variancia": 15309.013365237355,
            "desvio_padrao": 123.7295977736829,
            "min": 143.00803212851406,
            "max": 939.5828460038987,
            "mediana": 639.0802964661909,
            "skewness": -0.771410104063126,
            "kurtosis": 3.781162642695838
          },
          "count_stats": {
            "n": 1760,
            "media": 568.1818181818181,
            "variancia": 34969.25970334384,
            "desvio_padrao": 187.00069439267824,
            "min": 108.0,
            "max": 1189.0,
            "mediana": 555.0,
            "skewness": 0.21403590387585097,
            "kurtosis": 2.6525773845948817
          }
        }
      },
      "c_comparacao": {
        "original": {
          "n": 1000000,
          "media": 638.289839,
          "variancia": 269548.7844451386,
          "desvio_padrao": 519.1808783508293,
          "min": 64.0,
          "max": 1518.0,
          "mediana": 1082.0,
          "skewness": 0.06706748541553281,
          "kurtosis": 1.2629741743436103
        },
        "100ms_mean": {
          "n": 17593,
          "media": 618.9595031868486,
          "variancia": 39245.392726150545,
          "desvio_padrao": 198.1044995101084,
          "min": 64.0,
          "max": 1300.0,
          "mediana": 646.0243902439024,
          "skewness": -0.6437998446138977,
          "kurtosis": 3.271016608463468
        },
        "1s_mean": {
          "n": 1760,
          "media": 624.9003521698087,
          "variancia": 15309.013365237355,
          "desvio_padrao": 123.7295977736829,
          "min": 143.00803212851406,
          "max": 939.5828460038987,
          "mediana": 639.0802964661909,
          "skewness": -0.771410104063126,
          "kurtosis": 3.781162642695838
        }
      },
      "d_momentos": {
        "original": {
          "skewness": 0.06706748541553281,
          "kurtosis": 1.2629741743436103
        },
        "100ms": {
          "skewness": -0.6437998446138977,
          "kurtosis": 3.271016608463468
        },
        "1s": {
          "skewness": -0.771410104063126,
          "kurtosis": 3.781162642695838
        }
      },
      "e_distribuicoes": {
        "original": [
          {
            "sequencia": "original",
            "distribuicao": "pareto",
            "params": [
              0.5837933116432507,
              0.0,
              64.0
            ],
            "aic": 14820058.733898655,
            "ks_stat": 0.31113333897424394,
            "ks_pvalue": 0.0
          },
          {
            "sequencia": "original",
            "distribuicao": "weibull",
            "params": [
              1.0187571024911286,
              0.0,
              642.899149835251
            ],
            "aic": 14917104.849987935,
            "ks_stat": 0.3202609214068977,
            "ks_pvalue": 0.0
          },
          {
            "sequencia": "original",
            "distribuicao": "gamma",
            "params": [
              0.9851137758634783,
              0.0,
              647.9351468215152
            ],
            "aic": 14917444.885384642,
            "ks_stat": 0.31897115877623056,
            "ks_pvalue": 0.0
          },
          {
            "sequencia": "original",
            "distribuicao": "exponencial",
            "params": [
              0.0,
              638.289839
            ],
            "aic": 14917588.946576739,
            "ks_stat": 0.3194621656680185,
            "ks_pvalue": 0.0
          },
          {
            "sequencia": "original",
            "distribuicao": "lognormal",
            "params": [
              1.2305748667915253,
              0.0,
              354.89362253268314
            ],
            "aic": 14996482.109025322,
            "ks_stat": 0.32053228396134165,
            "ks_pvalue": 0.0
          }
        ],
        "100ms": [
          {
            "sequencia": "100ms",
            "distribuicao": "normal",
            "params": [
              618.9595031868486,
              198.09886922207642
            ],
            "aic": 236021.30034601796,
            "ks_stat": 0.059507069130263324,
            "ks_pvalue": 1.3492290102812498e-54
          },
          {
            "sequencia": "100ms",
            "distribuicao": "weibull",
            "params": [
              3.596466850997114,
              0.0,
              684.8927450315045
            ],
            "aic": 236298.16349255329,
            "ks_stat": 0.060360097102950316,
            "ks_pvalue": 3.6716745594498746e-56
          },
          {
            "sequencia": "100ms",
            "distribuicao": "gamma",
            "params": [
              6.5452751602563195,
              0.0,
              94.56584910978891
            ],
            "aic": 241195.45303733708,
            "ks_stat": 0.12385626094066715,
            "ks_pvalue": 1.1083866576891649e-235
          },
          {
            "sequencia": "100ms",
            "distribuicao": "lognormal",
            "params": [
              0.4539234468111547,
              0.0,
              572.3256584373174
            ],
            "aic": 245562.75985114992,
            "ks_stat": 0.155641323082156,
            "ks_pvalue": 0.0
          },
          {
            "sequencia": "100ms",
            "distribuicao": "exponencial",
            "params": [
              0.0,
              618.9595031868486
            ],
            "aic": 261367.01007705362,
            "ks_stat": 0.34340972630945665,
            "ks_pvalue": 0.0
          }
        ],
        "1s": [
          {
            "sequencia": "1s",
            "distribuicao": "weibull",
            "params": [
              6.1849798990896225,
              0.0,
              673.0189800018672
            ],
            "aic": 21827.348114378743,
            "ks_stat": 0.028413653232124858,
            "ks_pvalue": 0.11441102850948481
          },
          {
            "sequencia": "1s",
            "distribuicao": "normal",
            "params": [
              624.9003521698087,
              123.69444232538875
            ],
            "aic": 21957.370147944897,
            "ks_stat": 0.048663595683420935,
            "ks_pvalue": 0.0004626552755462774
          },
          {
            "sequencia": "1s",
            "distribuicao": "gamma",
            "params": [
              20.91054821653082,
              0.0,
              29.884455715790086
            ],
            "aic": 22253.35460672542,
            "ks_stat": 0.08470570179352294,
            "ks_pvalue": 1.95730326546185e-11
          },
          {
            "sequencia": "1s",